"ID","song_popularity"
1,64
2,91
3,62
4,99
5,32
6,76
7,63
8,89
9,95
10,41
11,28
12,12
13,86
14,44
15,78
16,27
17,33
18,81
19,91
20,94
21,33
22,8
23,55
24,13
25,38
26,46
27,41
28,67
29,100
30,98
31,41
32,92
33,9
34,85
35,45
36,5
37,15
38,72
39,6
40,14
41,97
42,43
43,49
44,35
45,42
46,96
47,45
48,49
49,91
50,49
51,6
52,31
53,74
54,73
55,64
56,34
57,85
58,71
59,27
60,81
61,89
62,6
63,26
64,14
65,49
66,98
67,77
68,68
69,33
70,57
71,19
72,48
73,10
74,58
75,78
76,26
77,31
78,69
79,18
80,82
81,34
82,57
83,9
84,13
85,64
86,63
87,92
88,16
89,55
90,67
91,31
92,7
93,70
94,31
95,14
96,37
97,46
98,6
99,91
100,78
101,88
102,42
103,87
104,46
105,38
106,11
107,65
108,5
109,39
110,68
111,26
112,17
113,26
114,93
115,26
116,76
117,86
118,28
119,18
120,44
121,25
122,29
123,41
124,38
125,57
126,79
127,31
128,4
129,31
130,47
131,74
132,26
133,34
134,78
135,6
136,73
137,18
138,36
139,87
140,71
141,46
142,4
143,67
144,5
145,5
146,60
147,51
148,31
149,89
150,19
151,26
152,3
153,14
154,100
155,8
156,21
157,43
158,6
159,68
160,12
161,52
162,31
163,29
164,37
165,58
166,48
167,91
168,99
169,16
170,12
171,22
172,34
173,16
174,71
175,45
176,54
177,62
178,25
179,76
180,1
181,57
182,98
183,13
184,85
185,29
186,24
187,32
188,46
189,5
190,63
191,81
192,94
193,89
194,29
195,90
196,45
197,60
198,18
199,70
200,4
201,80
202,54
203,80
204,6
205,69
206,11
207,98
208,34
209,10
210,7
211,37
212,67
213,100
214,50
215,84
216,5
217,80
218,63
219,86
220,46
221,32
222,90
223,1
224,76
225,66
226,82
227,95
228,49
229,32
230,66
231,34
232,12
233,34
234,30
235,17
236,36
237,100
238,76
239,5
240,66
241,76
242,74
243,81
244,97
245,57
246,26
247,12
248,79
249,77
250,13
251,44
252,84
253,28
254,66
255,67
256,85
257,16
258,64
259,52
260,17
261,60
262,84
263,94
264,69
265,77
266,35
267,30
268,8
269,53
270,49
271,66
272,36
273,81
274,87
275,80
276,96
277,70
278,71
279,6
280,87
281,89
282,64
283,25
284,11
285,15
286,46
287,68
288,74
289,3
290,60
291,93
292,28
293,100
294,65
295,49
296,40
297,53
298,32
299,78
300,31
301,52
302,81
303,72
304,91
305,41
306,16
307,98
308,2
309,82
310,88
311,55
312,75
313,8
314,90
315,50
316,5
317,29
318,100
319,17
320,28
321,61
322,47
323,37
324,72
325,20
326,65
327,48
328,59
329,12
330,17
331,85
332,70
333,31
334,22
335,74
336,49
337,100
338,25
339,28
340,56
341,25
342,5
343,76
344,58
345,61
346,68
347,50
348,14
349,65
350,94
351,91
352,71
353,34
354,10
355,60
356,60
357,14
358,24
359,2
360,91
361,37
362,63
363,54
364,96
365,47
366,26
367,43
368,1
369,19
370,61
371,58
372,64
373,68
374,86
375,97
376,11
377,41
378,41
379,91
380,43
381,79
382,94
383,68
384,22
385,95
386,23
387,16
388,26
389,45
390,37
391,26
392,69
393,54
394,94
395,14
396,85
397,39
398,43
399,69
400,97
401,90
402,85
403,59
404,24
405,13
406,61
407,93
408,73
409,59
410,90
411,35
412,24
413,86
414,94
415,89
416,77
417,80
418,49
419,40
420,16
421,2
422,91
423,32
424,82
425,24
426,82
427,25
428,8
429,5
430,60
431,69
432,17
433,25
434,82
435,92
436,44
437,51
438,36
439,73
440,57
441,42
442,18
443,77
444,37
445,16
446,79
447,41
448,61
449,76
450,35
451,68
452,66
453,62
454,86
455,85
456,32
457,36
458,79
459,22
460,75
461,75
462,47
463,59
464,73
465,72
466,94
467,84
468,55
469,76
470,4
471,72
472,66
473,68
474,68
475,34
476,3
477,71
478,37
479,19
480,31
481,92
482,92
483,60
484,82
485,84
486,26
487,89
488,33
489,31
490,62
491,86
492,13
493,71
494,58
495,20
496,10
497,70
498,88
499,78
500,61
501,80
502,86
503,25
504,53
505,9
506,55
507,87
508,22
509,45
510,77
511,82
512,61
513,93
514,63
515,20
516,20
517,86
518,21
519,15
520,6
521,7
522,77
523,2
524,19
525,47
526,40
527,2
528,38
529,73
530,65
531,32
532,18
533,48
534,30
535,40
536,27
537,44
538,57
539,74
540,60
541,49
542,52
543,55
544,34
545,90
546,54
547,7
548,81
549,3
550,62
551,10
552,8
553,5
554,25
555,13
556,54
557,32
558,23
559,15
560,21
561,8
562,71
563,11
564,57
565,73
566,54
567,65
568,31
569,65
570,38
571,77
572,99
573,55
574,65
575,75
576,97
577,62
578,45
579,20
580,86
581,39
582,91
583,85
584,26
585,16
586,34
587,73
588,19
589,95
590,73
591,21
592,21
593,64
594,61
595,11
596,50
597,18
598,37
599,83
600,3
601,30
602,48
603,35
604,26
605,5
606,39
607,55
608,37
609,24
610,32
611,65
612,75
613,14
614,51
615,66
616,29
617,65
618,98
619,3
620,47
621,22
622,90
623,1
624,57
625,37
626,28
627,99
628,36
629,75
630,21
631,98
632,38
633,99
634,79
635,66
636,61
637,91
638,78
639,24
640,42
641,19
642,60
643,8
644,1
645,44
646,1
647,8
648,35
649,74
650,17
651,41
652,59
653,15
654,96
655,45
656,71
657,4
658,47
659,42
660,3
661,2
662,46
663,64
664,11
665,9
666,96
667,12
668,81
669,63
670,59
671,76
672,52
673,99
674,83
675,49
676,7
677,13
678,42
679,89
680,82
681,99
682,77
683,81
684,15
685,67
686,100
687,78
688,98
689,100
690,83
691,4
692,11
693,69
694,21
695,89
696,78
697,22
698,2
699,50
700,32
701,50
702,21
703,39
704,78
705,14
706,53
707,13
708,46
709,40
710,5
711,44
712,97
713,36
714,31
715,85
716,100
717,25
718,18
719,12
720,63
721,84
722,41
723,84
724,4
725,49
726,91
727,99
728,23
729,1
730,1
731,26
732,1
733,84
734,80
735,19
736,77
737,58
738,10
739,77
740,84
741,16
742,79
743,75
744,91
745,83
746,43
747,62
748,50
749,66
750,47
751,34
752,23
753,19
754,74
755,91
756,34
757,98
758,100
759,76
760,53
761,5
762,44
763,26
764,10
765,6
766,16
767,23
768,25
769,98
770,15
771,3
772,44
773,52
774,92
775,14
776,16
777,14
778,70
779,46
780,88
781,1
782,59
783,53
784,60
785,17
786,54
787,7
788,22
789,99
790,54
791,77
792,44
793,7
794,77
795,17
796,67
797,59
798,16
799,14
800,62
801,79
802,38
803,29
804,8
805,92
806,32
807,66
808,40
809,79
810,52
811,39
812,52
813,98
814,87
815,51
816,100
817,37
818,88
819,11
820,95
821,98
822,45
823,84
824,30
825,53
826,15
827,27
828,66
829,29
830,90
831,35
832,44
833,45
834,37
835,70
836,100
837,10
838,76
839,27
840,64
841,34
842,79
843,81
844,75
845,88
846,54
847,21
848,77
849,79
850,100
851,39
852,80
853,18
854,10
855,4
856,13
857,13
858,20
859,98
860,81
861,67
862,50
863,33
864,69
865,87
866,54
867,15
868,6
869,29
870,99
871,4
872,42
873,46
874,1
875,68
876,2
877,36
878,69
879,77
880,49
881,73
882,34
883,76
884,62
885,90
886,93
887,17
888,58
889,49
890,97
891,6
892,95
893,67
894,47
895,74
896,75
897,84
898,45
899,79
900,60
901,98
902,8
903,100
904,10
905,97
906,79
907,16
908,32
909,43
910,49
911,51
912,90
913,10
914,77
915,77
916,87
917,46
918,17
919,91
920,95
921,57
922,91
923,54
924,43
925,21
926,18
927,79
928,34
929,34
930,31
931,33
932,42
933,97
934,19
935,92
936,57
937,42
938,98
939,72
940,19
941,58
942,99
943,25
944,7
945,18
946,61
947,71
948,67
949,80
950,51
951,88
952,80
953,4
954,21
955,83
956,33
957,87
958,59
959,4
960,94
961,20
962,59
963,67
964,11
965,54
966,75
967,68
968,75
969,93
970,11
971,65
972,88
973,16
974,5
975,67
976,61
977,73
978,94
979,55
980,41
981,82
982,29
983,94
984,36
985,16
986,8
987,85
988,40
989,36
990,96
991,11
992,20
993,80
994,19
995,19
996,57
997,31
998,79
999,90
1000,1
1001,82
1002,79
1003,15
1004,72
1005,47
1006,15
1007,40
1008,92
1009,48
1010,46
1011,34
1012,42
1013,16
1014,85
1015,36
1016,13
1017,19
1018,40
1019,3
1020,94
1021,35
1022,41
1023,72
1024,9
1025,49
1026,60
1027,90
1028,25
1029,4
1030,26
1031,3
1032,37
1033,95
1034,42
1035,11
1036,25
1037,22
1038,49
1039,69
1040,77
1041,38
1042,99
1043,74
1044,86
1045,32
1046,43
1047,8
1048,17
1049,8
1050,72
1051,63
1052,56
1053,86
1054,3
1055,48
1056,80
1057,69
1058,94
1059,51
1060,57
1061,95
1062,37
1063,3
1064,51
1065,91
1066,28
1067,8
1068,93
1069,16
1070,33
1071,24
1072,45
1073,69
1074,98
1075,94
1076,62
1077,95
1078,78
1079,48
1080,68
1081,70
1082,48
1083,81
1084,75
1085,24
1086,83
1087,57
1088,94
1089,52
1090,65
1091,8
1092,24
1093,65
1094,52
1095,76
1096,98
1097,45
1098,3
1099,40
1100,8
1101,37
1102,97
1103,64
1104,7
1105,69
1106,32
1107,67
1108,73
1109,64
1110,34
1111,95
1112,28
1113,53
1114,76
1115,91
1116,67
1117,20
1118,93
1119,13
1120,74
1121,22
1122,66
1123,71
1124,77
1125,48
1126,64
1127,43
1128,89
1129,41
1130,29
1131,82
1132,78
1133,51
1134,14
1135,60
1136,30
1137,12
1138,78
1139,5
1140,33
1141,71
1142,37
1143,88
1144,35
1145,82
1146,66
1147,77
1148,5
1149,41
1150,36
1151,98
1152,67
1153,68
1154,45
1155,64
1156,41
1157,74
1158,55
1159,8
1160,27
1161,70
1162,21
1163,48
1164,76
1165,58
1166,36
1167,77
1168,5
1169,49
1170,18
1171,58
1172,93
1173,6
1174,49
1175,88
1176,51
1177,99
1178,65
1179,78
1180,68
1181,4
1182,54
1183,97
1184,26
1185,19
1186,36
1187,62
1188,32
1189,89
1190,71
1191,74
1192,17
1193,99
1194,89
1195,28
1196,91
1197,73
1198,34
1199,18
1200,62
1201,78
1202,79
1203,7
1204,85
1205,18
1206,25
1207,79
1208,68
1209,12
1210,70
1211,5
1212,75
1213,30
1214,36
1215,31
1216,96
1217,74
1218,97
1219,3
1220,54
1221,62
1222,41
1223,9
1224,29
1225,63
1226,97
1227,57
1228,25
1229,57
1230,34
1231,93
1232,91
1233,20
1234,45
1235,3
1236,71
1237,31
1238,43
1239,11
1240,56
1241,87
1242,50
1243,13
1244,18
1245,93
1246,93
1247,81
1248,95
1249,77
1250,33
1251,5
1252,37
1253,25
1254,15
1255,47
1256,37
1257,32
1258,85
1259,79
1260,28
1261,37
1262,2
1263,85
1264,84
1265,84
1266,9
1267,58
1268,18
1269,30
1270,46
1271,49
1272,36
1273,99
1274,3
1275,86
1276,87
1277,6
1278,79
1279,45
1280,84
1281,55
1282,73
1283,98
1284,69
1285,53
1286,1
1287,80
1288,45
1289,35
1290,38
1291,75
1292,35
1293,21
1294,34
1295,99
1296,17
1297,29
1298,39
1299,17
1300,44
1301,54
1302,51
1303,14
1304,99
1305,95
1306,81
1307,83
1308,60
1309,90
1310,2
1311,16
1312,60
1313,66
1314,30
1315,89
1316,78
1317,95
1318,76
1319,69
1320,35
1321,71
1322,70
1323,64
1324,12
1325,48
1326,77
1327,20
1328,39
1329,62
1330,68
1331,19
1332,11
1333,84
1334,43
1335,68
1336,2
1337,82
1338,4
1339,44
1340,24
1341,24
1342,79
1343,14
1344,50
1345,81
1346,69
1347,62
1348,26
1349,35
1350,65
1351,32
1352,99
1353,25
1354,89
1355,76
1356,55
1357,80
1358,91
1359,66
1360,32
1361,42
1362,49
1363,13
1364,2
1365,21
1366,69
1367,49
1368,86
1369,24
1370,12
1371,32
1372,97
1373,64
1374,6
1375,82
1376,7
1377,15
1378,23
1379,13
1380,78
1381,66
1382,99
1383,62
1384,39
1385,97
1386,6
1387,58
1388,2
1389,59
1390,86
1391,95
1392,24
1393,73
1394,13
1395,45
1396,29
1397,4
1398,33
1399,53
1400,26
1401,25
1402,45
1403,90
1404,92
1405,33
1406,69
1407,44
1408,78
1409,22
1410,80
1411,13
1412,57
1413,50
1414,65
1415,35
1416,57
1417,40
1418,57
1419,91
1420,78
1421,36
1422,80
1423,19
1424,71
1425,4
1426,80
1427,59
1428,21
1429,71
1430,63
1431,2
1432,94
1433,47
1434,65
1435,60
1436,8
1437,66
1438,93
1439,47
1440,44
1441,18
1442,84
1443,76
1444,5
1445,39
1446,37
1447,44
1448,45
1449,83
1450,7
1451,96
1452,64
1453,39
1454,20
1455,45
1456,9
1457,74
1458,50
1459,40
1460,88
1461,93
1462,36
1463,10
1464,66
1465,40
1466,23
1467,23
1468,88
1469,94
1470,46
1471,98
1472,61
1473,73
1474,27
1475,70
1476,39
1477,16
1478,74
1479,27
1480,17
1481,82
1482,96
1483,62
1484,89
1485,38
1486,77
1487,74
1488,92
1489,68
1490,13
1491,25
1492,21
1493,66
1494,87
1495,20
1496,66
1497,13
1498,10
1499,5
1500,39
1501,10
1502,37
1503,23
1504,43
1505,60
1506,68
1507,79
1508,99
1509,80
1510,51
1511,44
1512,16
1513,57
1514,79
1515,81
1516,87
1517,93
1518,31
1519,96
1520,6
1521,4
1522,85
1523,83
1524,85
1525,29
1526,17
1527,26
1528,13
1529,79
1530,71
1531,54
1532,8
1533,60
1534,52
1535,74
1536,72
1537,65
1538,20
1539,9
1540,58
1541,45
1542,47
1543,37
1544,7
1545,45
1546,52
1547,35
1548,97
1549,94
1550,78
1551,39
1552,36
1553,14
1554,13
1555,44
1556,86
1557,75
1558,40
1559,82
1560,40
1561,11
1562,55
1563,38
1564,74
1565,14
1566,82
1567,2
1568,52
1569,85
1570,17
1571,38
1572,90
1573,41
1574,29
1575,5
1576,88
1577,54
1578,49
1579,51
1580,78
1581,38
1582,38
1583,5
1584,16
1585,28
1586,45
1587,1
1588,95
1589,76
1590,97
1591,73
1592,26
1593,79
1594,43
1595,8
1596,63
1597,9
1598,53
1599,10
1600,41
1601,3
1602,87
1603,46
1604,83
1605,52
1606,55
1607,96
1608,53
1609,8
1610,48
1611,76
1612,92
1613,13
1614,45
1615,14
1616,81
1617,93
1618,75
1619,65
1620,5
1621,31
1622,7
1623,59
1624,57
1625,26
1626,11
1627,1
1628,51
1629,76
1630,59
1631,9
1632,18
1633,92
1634,79
1635,42
1636,59
1637,65
1638,57
1639,80
1640,94
1641,95
1642,41
1643,39
1644,55
1645,78
1646,73
1647,90
1648,52
1649,3
1650,12
1651,21
1652,78
1653,12
1654,58
1655,33
1656,47
1657,8
1658,49
1659,45
1660,91
1661,91
1662,87
1663,3
1664,5
1665,59
1666,5
1667,19
1668,88
1669,74
1670,54
1671,38
1672,75
1673,7
1674,96
1675,51
1676,73
1677,98
1678,49
1679,60
1680,4
1681,71
1682,58
1683,96
1684,10
1685,22
1686,37
1687,29
1688,87
1689,80
1690,64
1691,16
1692,80
1693,11
1694,75
1695,12
1696,9
1697,27
1698,59
1699,89
1700,92
1701,10
1702,22
1703,33
1704,63
1705,49
1706,93
1707,93
1708,74
1709,79
1710,79
1711,92
1712,2
1713,53
1714,49
1715,75
1716,86
1717,89
1718,59
1719,38
1720,21
1721,55
1722,7
1723,94
1724,64
1725,52
1726,60
1727,12
1728,72
1729,17
1730,27
1731,69
1732,31
1733,69
1734,49
1735,90
1736,19
1737,61
1738,56
1739,75
1740,52
1741,71
1742,5
1743,49
1744,10
1745,39
1746,20
1747,18
1748,52
1749,94
1750,7
1751,86
1752,93
1753,41
1754,24
1755,25
1756,73
1757,23
1758,4
1759,65
1760,88
1761,12
1762,53
1763,25
1764,12
1765,69
1766,52
1767,25
1768,33
1769,9
1770,40
1771,49
1772,78
1773,68
1774,96
1775,14
1776,76
1777,48
1778,13
1779,73
1780,48
1781,18
1782,15
1783,95
1784,46
1785,24
1786,5
1787,42
1788,15
1789,97
1790,11
1791,85
1792,94
1793,61
1794,2
1795,7
1796,67
1797,36
1798,45
1799,70
1800,28
1801,81
1802,10
1803,7
1804,99
1805,68
1806,75
1807,43
1808,38
1809,50
1810,71
1811,57
1812,67
1813,62
1814,75
1815,53
1816,79
1817,22
1818,92
1819,53
1820,90
1821,3
1822,100
1823,86
1824,75
1825,26
1826,31
1827,17
1828,39
1829,23
1830,1
1831,41
1832,7
1833,66
1834,8
1835,88
1836,64
1837,49
1838,96
1839,16
1840,69
1841,2
1842,16
1843,17
1844,12
1845,16
1846,38
1847,30
1848,62
1849,24
1850,32
1851,12
1852,6
1853,3
1854,44
1855,76
1856,39
1857,44
1858,76
1859,28
1860,56
1861,63
1862,67
1863,53
1864,3
1865,90
1866,80
1867,17
1868,31
1869,3
1870,7
1871,67
1872,93
1873,35
1874,99
1875,32
1876,49
1877,68
1878,45
1879,52
1880,23
1881,17
1882,23
1883,63
1884,97
1885,62
1886,12
1887,2
1888,20
1889,46
1890,81
1891,4
1892,11
1893,99
1894,1
1895,51
1896,47
1897,85
1898,58
1899,21
1900,100
1901,99
1902,85
1903,26
1904,72
1905,20
1906,3
1907,24
1908,19
1909,30
1910,45
1911,28
1912,69
1913,15
1914,97
1915,92
1916,19
1917,61
1918,23
1919,88
1920,74
1921,100
1922,74
1923,22
1924,24
1925,61
1926,100
1927,31
1928,79
1929,87
1930,51
1931,16
1932,79
1933,30
1934,33
1935,38
1936,26
1937,18
1938,24
1939,95
1940,43
1941,65
1942,64
1943,33
1944,22
1945,100
1946,82
1947,56
1948,45
1949,70
1950,45
1951,100
1952,60
1953,99
1954,21
1955,59
1956,62
1957,3
1958,2
1959,12
1960,86
1961,57
1962,97
1963,25
1964,18
1965,80
1966,27
1967,80
1968,92
1969,12
1970,19
1971,77
1972,7
1973,56
1974,43
1975,56
1976,99
1977,25
1978,33
1979,82
1980,67
1981,83
1982,35
1983,66
1984,65
1985,24
1986,25
1987,78
1988,76
1989,65
1990,59
1991,32
1992,58
1993,91
1994,3
1995,31
1996,38
1997,58
1998,11
1999,8
2000,23
2001,8
2002,32
2003,19
2004,35
2005,24
2006,89
2007,100
2008,48
2009,14
2010,36
2011,52
2012,44
2013,75
2014,60
2015,72
2016,10
2017,87
2018,41
2019,32
2020,17
2021,82
2022,48
2023,76
2024,78
2025,59
2026,74
2027,22
2028,51
2029,22
2030,6
2031,70
2032,56
2033,33
2034,93
2035,67
2036,22
2037,41
2038,50
2039,86
2040,19
2041,80
2042,21
2043,95
2044,21
2045,14
2046,53
2047,58
2048,83
2049,32
2050,41
2051,41
2052,86
2053,95
2054,16
2055,15
2056,57
2057,18
2058,64
2059,22
2060,53
2061,69
2062,61
2063,48
2064,83
2065,8
2066,18
2067,94
2068,1
2069,90
2070,9
2071,27
2072,70
2073,89
2074,84
2075,71
2076,38
2077,9
2078,77
2079,41
2080,30
2081,75
2082,18
2083,31
2084,61
2085,3
2086,47
2087,34
2088,42
2089,6
2090,20
2091,4
2092,86
2093,79
2094,99
2095,70
2096,98
2097,72
2098,40
2099,50
2100,43
2101,60
2102,18
2103,88
2104,74
2105,56
2106,12
2107,7
2108,43
2109,8
2110,5
2111,82
2112,48
2113,77
2114,98
2115,60
2116,28
2117,69
2118,44
2119,8
2120,63
2121,7
2122,81
2123,58
2124,29
2125,87
2126,74
2127,21
2128,40
2129,89
2130,34
2131,97
2132,48
2133,64
2134,7
2135,80
2136,76
2137,5
2138,69
2139,68
2140,7
2141,57
2142,22
2143,15
2144,42
2145,10
2146,4
2147,85
2148,2
2149,98
2150,86
2151,3
2152,15
2153,32
2154,18
2155,32
2156,87
2157,58
2158,90
2159,60
2160,75
2161,71
2162,75
2163,73
2164,72
2165,98
2166,15
2167,16
2168,66
2169,47
2170,84
2171,49
2172,87
2173,49
2174,48
2175,60
2176,7
2177,56
2178,3
2179,52
2180,88
2181,18
2182,33
2183,94
2184,68
2185,22
2186,87
2187,75
2188,48
2189,79
2190,51
2191,12
2192,99
2193,32
2194,48
2195,62
2196,50
2197,68
2198,100
2199,86
2200,22
2201,65
2202,16
2203,3
2204,69
2205,40
2206,39
2207,58
2208,85
2209,66
2210,96
2211,85
2212,86
2213,97
2214,22
2215,27
2216,29
2217,82
2218,78
2219,23
2220,9
2221,97
2222,33
2223,39
2224,33
2225,28
2226,39
2227,69
2228,7
2229,30
2230,47
2231,32
2232,86
2233,83
2234,15
2235,7
2236,2
2237,39
2238,34
2239,89
2240,72
2241,66
2242,64
2243,67
2244,13
2245,40
2246,20
2247,14
2248,54
2249,66
2250,25
2251,73
2252,40
2253,96
2254,13
2255,86
2256,71
2257,21
2258,99
2259,9
2260,94
2261,87
2262,66
2263,3
2264,24
2265,1
2266,92
2267,13
2268,9
2269,95
2270,72
2271,13
2272,82
2273,3
2274,51
2275,47
2276,85
2277,15
2278,8
2279,98
2280,52
2281,13
2282,34
2283,11
2284,7
2285,58
2286,97
2287,77
2288,38
2289,41
2290,73
2291,35
2292,29
2293,37
2294,52
2295,35
2296,21
2297,85
2298,33
2299,20
2300,13
2301,67
2302,80
2303,78
2304,99
2305,31
2306,31
2307,37
2308,84
2309,29
2310,33
2311,45
2312,95
2313,97
2314,25
2315,87
2316,96
2317,6
2318,17
2319,42
2320,47
2321,78
2322,73
2323,30
2324,31
2325,72
2326,30
2327,79
2328,49
2329,37
2330,11
2331,39
2332,74
2333,44
2334,12
2335,89
2336,38
2337,58
2338,43
2339,43
2340,4
2341,48
2342,75
2343,60
2344,26
2345,3
2346,46
2347,45
2348,36
2349,57
2350,35
2351,17
2352,49
2353,69
2354,98
2355,53
2356,71
2357,31
2358,22
2359,8
2360,69
2361,91
2362,90
2363,15
2364,40
2365,46
2366,29
2367,46
2368,55
2369,84
2370,99
2371,83
2372,32
2373,40
2374,54
2375,81
2376,46
2377,70
2378,14
2379,32
2380,24
2381,36
2382,84
2383,31
2384,61
2385,3
2386,66
2387,41
2388,61
2389,26
2390,46
2391,65
2392,67
2393,82
2394,23
2395,34
2396,86
2397,25
2398,85
2399,48
2400,90
2401,58
2402,100
2403,49
2404,37
2405,13
2406,87
2407,7
2408,8
2409,63
2410,52
2411,92
2412,68
2413,56
2414,1
2415,23
2416,90
2417,13
2418,88
2419,96
2420,72
2421,81
2422,48
2423,53
2424,21
2425,91
2426,18
2427,74
2428,56
2429,100
2430,63
2431,81
2432,77
2433,85
2434,65
2435,16
2436,19
2437,11
2438,7
2439,11
2440,28
2441,70
2442,83
2443,90
2444,56
2445,89
2446,89
2447,18
2448,86
2449,62
2450,87
2451,89
2452,9
2453,5
2454,10
2455,86
2456,33
2457,64
2458,1
2459,46
2460,39
2461,43
2462,55
2463,5
2464,4
2465,80
2466,67
2467,87
2468,1
2469,1
2470,14
2471,47
2472,73
2473,31
2474,100
2475,15
2476,41
2477,69
2478,54
2479,41
2480,59
2481,59
2482,6
2483,40
2484,86
2485,56
2486,57
2487,65
2488,27
2489,33
2490,66
2491,67
2492,77
2493,70
2494,78
2495,27
2496,95
2497,21
2498,11
2499,100
2500,60
2501,58
2502,26
2503,7
2504,76
2505,54
2506,23
2507,27
2508,51
2509,60
2510,16
2511,47
2512,38
2513,1
2514,91
2515,52
2516,25
2517,50
2518,9
2519,5
2520,12
2521,47
2522,34
2523,100
2524,77
2525,60
2526,48
2527,25
2528,5
2529,46
2530,57
2531,89
2532,92
2533,75
2534,79
2535,98
2536,37
2537,50
2538,11
2539,8
2540,49
2541,15
2542,56
2543,67
2544,90
2545,70
2546,19
2547,49
2548,97
2549,13
2550,8
2551,56
2552,34
2553,64
2554,27
2555,45
2556,96
2557,76
2558,82
2559,53
2560,21
2561,29
2562,28
2563,42
2564,65
2565,61
2566,71
2567,69
2568,65
2569,34
2570,87
2571,82
2572,15
2573,2
2574,72
2575,64
2576,48
2577,19
2578,57
2579,48
2580,57
2581,90
2582,91
2583,30
2584,42
2585,8
2586,99
2587,13
2588,58
2589,25
2590,48
2591,78
2592,45
2593,10
2594,83
2595,1
2596,64
2597,52
2598,37
2599,23
2600,86
2601,72
2602,78
2603,24
2604,24
2605,16
2606,43
2607,46
2608,9
2609,65
2610,65
2611,95
2612,36
2613,15
2614,11
2615,18
2616,15
2617,94
2618,91
2619,93
2620,15
2621,38
2622,26
2623,80
2624,12
2625,17
2626,34
2627,69
2628,67
2629,13
2630,83
2631,33
2632,99
2633,36
2634,11
2635,69
2636,90
2637,85
2638,16
2639,65
2640,98
2641,14
2642,91
2643,99
2644,64
2645,62
2646,75
2647,12
2648,62
2649,54
2650,44
2651,22
2652,56
2653,89
2654,50
2655,55
2656,91
2657,9
2658,89
2659,33
2660,4
2661,49
2662,70
2663,59
2664,26
2665,49
2666,90
2667,6
2668,11
2669,26
2670,3
2671,43
2672,81
2673,71
2674,59
2675,69
2676,48
2677,72
2678,50
2679,47
2680,93
2681,79
2682,43
2683,80
2684,9
2685,73
2686,22
2687,21
2688,32
2689,31
2690,25
2691,39
2692,58
2693,53
2694,83
2695,23
2696,62
2697,96
2698,25
2699,58
2700,80
2701,10
2702,86
2703,6
2704,31
2705,16
2706,26
2707,62
2708,80
2709,32
2710,90
2711,22
2712,12
2713,13
2714,99
2715,69
2716,52
2717,14
2718,13
2719,70
2720,79
2721,70
2722,71
2723,51
2724,16
2725,71
2726,92
2727,22
2728,45
2729,50
2730,75
2731,25
2732,61
2733,19
2734,59
2735,10
2736,59
2737,34
2738,86
2739,40
2740,86
2741,14
2742,86
2743,17
2744,83
2745,76
2746,29
2747,4
2748,63
2749,67
2750,30
2751,87
2752,75
2753,99
2754,65
2755,43
2756,5
2757,91
2758,34
2759,76
2760,70
2761,30
2762,53
2763,37
2764,74
2765,98
2766,76
2767,65
2768,13
2769,22
2770,70
2771,2
2772,92
2773,14
2774,35
2775,91
2776,79
2777,24
2778,50
2779,98
2780,3
2781,25
2782,5
2783,62
2784,61
2785,8
2786,14
2787,88
2788,85
2789,28
2790,72
2791,99
2792,70
2793,2
2794,80
2795,98
2796,21
2797,91
2798,2
2799,83
2800,33
2801,23
2802,63
2803,41
2804,80
2805,89
2806,49
2807,50
2808,32
2809,24
2810,25
2811,80
2812,24
2813,5
2814,76
2815,95
2816,99
2817,89
2818,36
2819,29
2820,2
2821,80
2822,100
2823,12
2824,37
2825,71
2826,6
2827,31
2828,95
2829,56
2830,12
2831,64
2832,84
2833,96
2834,41
2835,92
2836,64
2837,75
2838,92
2839,59
2840,65
2841,74
2842,58
2843,37
2844,33
2845,77
2846,53
2847,24
2848,61
2849,61
2850,49
2851,49
2852,56
2853,95
2854,56
2855,68
2856,19
2857,53
2858,90
2859,72
2860,66
2861,82
2862,21
2863,15
2864,31
2865,73
2866,21
2867,68
2868,53
2869,54
2870,5
2871,2
2872,36
2873,64
2874,80
2875,73
2876,41
2877,71
2878,6
2879,6
2880,91
2881,98
2882,7
2883,25
2884,9
2885,54
2886,77
2887,86
2888,75
2889,9
2890,37
2891,9
2892,85
2893,37
2894,66
2895,48
2896,83
2897,2
2898,85
2899,91
2900,54
2901,89
2902,69
2903,68
2904,92
2905,37
2906,95
2907,79
2908,84
2909,86
2910,61
2911,21
2912,92
2913,81
2914,94
2915,74
2916,41
2917,29
2918,57
2919,63
2920,54
2921,99
2922,56
2923,3
2924,99
2925,75
2926,17
2927,12
2928,89
2929,21
2930,61
2931,85
2932,42
2933,95
2934,85
2935,99
2936,12
2937,8
2938,14
2939,70
2940,57
2941,35
2942,100
2943,90
2944,21
2945,65
2946,75
2947,99
2948,27
2949,23
2950,87
2951,46
2952,46
2953,20
2954,31
2955,19
2956,42
2957,14
2958,91
2959,74
2960,67
2961,46
2962,88
2963,14
2964,43
2965,6
2966,6
2967,54
2968,28
2969,47
2970,37
2971,97
2972,59
2973,36
2974,26
2975,87
2976,5
2977,5
2978,10
2979,70
2980,62
2981,22
2982,18
2983,4
2984,45
2985,96
2986,50
2987,83
2988,100
2989,86
2990,44
2991,99
2992,52
2993,26
2994,64
2995,8
2996,35
2997,26
2998,33
2999,64
3000,35
3001,42
3002,67
3003,22
3004,3
3005,67
3006,30
3007,1
3008,65
3009,71
3010,80
3011,38
3012,8
3013,71
3014,80
3015,72
3016,27
3017,66
3018,50
3019,26
3020,32
3021,36
3022,91
3023,85
3024,59
3025,80
3026,42
3027,81
3028,13
3029,7
3030,2
3031,3
3032,75
3033,7
3034,55
3035,51
3036,1
3037,80
3038,67
3039,22
3040,70
3041,77
3042,61
3043,90
3044,62
3045,25
3046,10
3047,48
3048,80
3049,36
3050,79
3051,74
3052,42
3053,75
3054,7
3055,78
3056,100
3057,58
3058,84
3059,14
3060,20
3061,23
3062,77
3063,58
3064,31
3065,20
3066,45
3067,72
3068,65
3069,36
3070,100
3071,85
3072,24
3073,7
3074,92
3075,59
3076,19
3077,71
3078,6
3079,75
3080,78
3081,42
3082,65
3083,75
3084,73
3085,3
3086,50
3087,98
3088,46
3089,12
3090,1
3091,72
3092,29
3093,69
3094,70
3095,100
3096,31
3097,76
3098,93
3099,91
3100,14
3101,42
3102,53
3103,4
3104,65
3105,14
3106,27
3107,40
3108,47
3109,1
3110,34
3111,29
3112,27
3113,45
3114,28
3115,24
3116,89
3117,23
3118,7
3119,4
3120,11
3121,94
3122,4
3123,68
3124,42
3125,47
3126,45
3127,47
3128,72
3129,67
3130,17
3131,92
3132,5
3133,60
3134,74
3135,77
3136,78
3137,1
3138,29
3139,96
3140,9
3141,64
3142,85
3143,47
3144,47
3145,93
3146,14
3147,61
3148,69
3149,6
3150,63
3151,30
3152,32
3153,5
3154,90
3155,19
3156,44
3157,43
3158,44
3159,28
3160,29
3161,28
3162,11
3163,42
3164,41
3165,23
3166,75
3167,38
3168,58
3169,51
3170,71
3171,49
3172,79
3173,30
3174,79
3175,58
3176,13
3177,18
3178,19
3179,25
3180,58
3181,85
3182,56
3183,43
3184,79
3185,86
3186,100
3187,6
3188,54
3189,70
3190,64
3191,49
3192,46
3193,96
3194,25
3195,57
3196,41
3197,55
3198,29
3199,25
3200,52
3201,19
3202,53
3203,90
3204,60
3205,98
3206,69
3207,97
3208,83
3209,100
3210,8
3211,47
3212,83
3213,65
3214,40
3215,20
3216,2
3217,14
3218,76
3219,50
3220,98
3221,60
3222,26
3223,5
3224,30
3225,48
3226,11
3227,6
3228,66
3229,11
3230,89
3231,50
3232,95
3233,41
3234,42
3235,87
3236,47
3237,82
3238,67
3239,92
3240,59
3241,54
3242,25
3243,15
3244,62
3245,97
3246,35
3247,81
3248,80
3249,7
3250,79
3251,90
3252,20
3253,69
3254,79
3255,65
3256,47
3257,48
3258,26
3259,66
3260,18
3261,5
3262,21
3263,38
3264,98
3265,71
3266,16
3267,29
3268,5
3269,25
3270,17
3271,53
3272,26
3273,30
3274,50
3275,24
3276,79
3277,59
3278,37
3279,16
3280,84
3281,71
3282,35
3283,1
3284,21
3285,72
3286,5
3287,22
3288,68
3289,29
3290,4
3291,91
3292,91
3293,76
3294,38
3295,8
3296,61
3297,95
3298,82
3299,79
3300,43
3301,17
3302,34
3303,98
3304,66
3305,86
3306,99
3307,86
3308,11
3309,19
3310,21
3311,1
3312,68
3313,97
3314,71
3315,77
3316,60
3317,3
3318,73
3319,27
3320,9
3321,29
3322,77
3323,94
3324,76
3325,20
3326,86
3327,90
3328,36
3329,93
3330,47
3331,19
3332,59
3333,74
3334,52
3335,50
3336,24
3337,36
3338,74
3339,89
3340,81
3341,53
3342,38
3343,34
3344,88
3345,16
3346,97
3347,6
3348,7
3349,78
3350,17
3351,86
3352,48
3353,86
3354,44
3355,68
3356,74
3357,13
3358,13
3359,85
3360,76
3361,61
3362,32
3363,97
3364,60
3365,15
3366,37
3367,38
3368,21
3369,91
3370,44
3371,11
3372,1
3373,40
3374,22
3375,24
3376,100
3377,48
3378,38
3379,73
3380,96
3381,59
3382,57
3383,83
3384,15
3385,96
3386,32
3387,25
3388,2
3389,10
3390,41
3391,91
3392,84
3393,52
3394,77
3395,39
3396,81
3397,71
3398,87
3399,79
3400,22
3401,12
3402,33
3403,54
3404,75
3405,27
3406,96
3407,28
3408,63
3409,12
3410,14
3411,47
3412,16
3413,18
3414,99
3415,59
3416,4
3417,61
3418,76
3419,13
3420,89
3421,22
3422,77
3423,17
3424,46
3425,4
3426,24
3427,77
3428,11
3429,56
3430,87
3431,78
3432,43
3433,44
3434,89
3435,98
3436,26
3437,2
3438,11
3439,1
3440,85
3441,73
3442,54
3443,56
3444,55
3445,41
3446,46
3447,39
3448,55
3449,61
3450,81
3451,29
3452,46
3453,48
3454,94
3455,9
3456,66
3457,83
3458,41
3459,48
3460,64
3461,76
3462,52
3463,24
3464,62
3465,61
3466,33
3467,62
3468,95
3469,99
3470,80
3471,72
3472,20
3473,7
3474,36
3475,26
3476,96
3477,98
3478,8
3479,88
3480,14
3481,59
3482,9
3483,31
3484,18
3485,11
3486,56
3487,66
3488,64
3489,56
3490,76
3491,25
3492,35
3493,55
3494,12
3495,70
3496,60
3497,80
3498,35
3499,39
3500,53
3501,79
3502,76
3503,73
3504,36
3505,49
3506,72
3507,62
3508,21
3509,13
3510,14
3511,29
3512,17
3513,71
3514,9
3515,26
3516,46
3517,9
3518,26
3519,96
3520,12
3521,19
3522,63
3523,7
3524,77
3525,76
3526,58
3527,29
3528,11
3529,69
3530,64
3531,88
3532,66
3533,6
3534,81
3535,24
3536,39
3537,9
3538,54
3539,53
3540,70
3541,51
3542,65
3543,22
3544,39
3545,91
3546,34
3547,81
3548,61
3549,30
3550,25
3551,93
3552,82
3553,67
3554,66
3555,76
3556,13
3557,1
3558,94
3559,33
3560,100
3561,50
3562,4
3563,99
3564,51
3565,64
3566,28
3567,91
3568,99
3569,93
3570,56
3571,26
3572,13
3573,75
3574,57
3575,40
3576,15
3577,54
3578,87
3579,39
3580,13
3581,45
3582,94
3583,59
3584,83
3585,43
3586,10
3587,2
3588,15
3589,28
3590,7
3591,97
3592,3
3593,79
3594,11
3595,75
3596,84
3597,31
3598,88
3599,77
3600,96
3601,87
3602,87
3603,98
3604,42
3605,70
3606,66
3607,61
3608,58
3609,74
3610,35
3611,12
3612,71
3613,89
3614,95
3615,12
3616,42
3617,98
3618,31
3619,98
3620,37
3621,41
3622,10
3623,57
3624,92
3625,44
3626,51
3627,42
3628,45
3629,21
3630,84
3631,75
3632,15
3633,18
3634,99
3635,46
3636,26
3637,68
3638,94
3639,88
3640,96
3641,19
3642,19
3643,31
3644,58
3645,94
3646,31
3647,3
3648,75
3649,2
3650,93
3651,21
3652,28
3653,14
3654,1
3655,48
3656,48
3657,79
3658,41
3659,29
3660,99
3661,27
3662,19
3663,98
3664,33
3665,77
3666,37
3667,36
3668,92
3669,44
3670,53
3671,63
3672,29
3673,70
3674,78
3675,52
3676,87
3677,84
3678,31
3679,88
3680,1
3681,24
3682,41
3683,62
3684,46
3685,52
3686,40
3687,49
3688,59
3689,3
3690,21
3691,6
3692,80
3693,45
3694,1
3695,71
3696,58
3697,64
3698,60
3699,4
3700,37
3701,70
3702,37
3703,72
3704,23
3705,96
3706,31
3707,89
3708,1
3709,4
3710,46
3711,68
3712,76
3713,73
3714,50
3715,63
3716,41
3717,29
3718,81
3719,59
3720,86
3721,18
3722,72
3723,37
3724,29
3725,79
3726,2
3727,10
3728,86
3729,85
3730,44
3731,71
3732,46
3733,29
3734,90
3735,92
3736,54
3737,52
3738,43
3739,63
3740,68
3741,29
3742,86
3743,56
3744,95
3745,34
3746,75
3747,57
3748,68
3749,10
3750,37
3751,46
3752,61
3753,72
3754,25
3755,63
3756,39
3757,57
3758,52
3759,87
3760,4
3761,71
3762,47
3763,33
3764,66
3765,83
3766,22
3767,33
3768,54
3769,4
3770,3
3771,6
3772,15
3773,74
3774,31
3775,8
3776,9
3777,31
3778,84
3779,50
3780,41
3781,10
3782,70
3783,68
3784,8
3785,59
3786,43
3787,50
3788,58
3789,11
3790,84
3791,96
3792,81
3793,18
3794,87
3795,60
3796,31
3797,12
3798,42
3799,52
3800,65
3801,6
3802,76
3803,67
3804,85
3805,98
3806,10
3807,7
3808,81
3809,82
3810,30
3811,1
3812,47
3813,100
3814,48
3815,20
3816,60
3817,21
3818,18
3819,91
3820,16
3821,59
3822,5
3823,96
3824,53
3825,26
3826,5
3827,67
3828,22
3829,89
3830,1
3831,37
3832,62
3833,19
3834,93
3835,32
3836,78
3837,49
3838,64
3839,27
3840,78
3841,52
3842,46
3843,58
3844,38
3845,63
3846,9
3847,97
3848,42
3849,5
3850,13
3851,12
3852,58
3853,11
3854,14
3855,47
3856,76
3857,60
3858,7
3859,5
3860,93
3861,25
3862,23
3863,83
3864,28
3865,33
3866,67
3867,64
3868,43
3869,31
3870,94
3871,98
3872,100
3873,47
3874,44
3875,92
3876,24
3877,9
3878,23
3879,50
3880,19
3881,34
3882,7
3883,93
3884,98
3885,29
3886,3
3887,39
3888,40
3889,93
3890,30
3891,15
3892,50
3893,29
3894,88
3895,45
3896,78
3897,77
3898,83
3899,41
3900,32
3901,50
3902,63
3903,63
3904,56
3905,20
3906,6
3907,78
3908,48
3909,62
3910,60
3911,46
3912,31
3913,83
3914,63
3915,57
3916,67
3917,54
3918,14
3919,42
3920,57
3921,35
3922,9
3923,40
3924,77
3925,66
3926,39
3927,11
3928,42
3929,79
3930,57
3931,60
3932,76
3933,83
3934,75
3935,20
3936,36
3937,50
3938,79
3939,22
3940,42
3941,45
3942,37
3943,17
3944,77
3945,21
3946,58
3947,24
3948,82
3949,10
3950,24
3951,58
3952,98
3953,14
3954,19
3955,85
3956,65
3957,98
3958,32
3959,46
3960,41
3961,29
3962,5
3963,88
3964,35
3965,5
3966,92
3967,37
3968,88
3969,20
3970,38
3971,32
3972,99
3973,45
3974,6
3975,21
3976,95
3977,62
3978,40
3979,59
3980,96
3981,27
3982,57
3983,17
3984,59
3985,30
3986,40
3987,73
3988,43
3989,55
3990,41
3991,10
3992,92
3993,41
3994,72
3995,28
3996,18
3997,14
3998,74
3999,83
4000,65
4001,17
4002,74
4003,28
4004,1
4005,93
4006,59
4007,17
4008,62
4009,56
4010,25
4011,21
4012,52
4013,18
4014,2
4015,53
4016,45
4017,82
4018,18
4019,58
4020,42
4021,11
4022,19
4023,46
4024,8
4025,38
4026,31
4027,32
4028,35
4029,3
4030,60
4031,22
4032,65
4033,75
4034,98
4035,68
4036,87
4037,66
4038,4
4039,28
4040,9
4041,55
4042,70
4043,15
4044,14
4045,91
4046,21
4047,29
4048,63
4049,22
4050,5
4051,93
4052,58
4053,100
4054,59
4055,98
4056,98
4057,13
4058,78
4059,97
4060,23
4061,64
4062,43
4063,84
4064,35
4065,63
4066,2
4067,2
4068,18
4069,41
4070,29
4071,90
4072,90
4073,52
4074,75
4075,9
4076,57
4077,84
4078,79
4079,85
4080,83
4081,71
4082,58
4083,93
4084,11
4085,38
4086,78
4087,23
4088,12
4089,15
4090,89
4091,56
4092,51
4093,2
4094,97
4095,58
4096,84
4097,26
4098,22
4099,94
4100,54
4101,42
4102,41
4103,17
4104,82
4105,94
4106,85
4107,66
4108,49
4109,37
4110,64
4111,97
4112,22
4113,50
4114,90
4115,71
4116,95
4117,24
4118,18
4119,18
4120,56
4121,90
4122,48
4123,44
4124,57
4125,38
4126,11
4127,32
4128,15
4129,83
4130,12
4131,82
4132,63
4133,29
4134,67
4135,28
4136,50
4137,29
4138,64
4139,73
4140,23
4141,43
4142,64
4143,2
4144,81
4145,12
4146,24
4147,17
4148,15
4149,68
4150,58
4151,35
4152,23
4153,20
4154,72
4155,55
4156,59
4157,23
4158,95
4159,35
4160,40
4161,55
4162,23
4163,34
4164,23
4165,76
4166,34
4167,94
4168,23
4169,42
4170,93
4171,28
4172,23
4173,17
4174,39
4175,36
4176,68
4177,17
4178,44
4179,78
4180,26
4181,16
4182,99
4183,71
4184,73
4185,8
4186,78
4187,53
4188,55
4189,37
4190,88
4191,21
4192,100
4193,51
4194,20
4195,26
4196,26
4197,33
4198,89
4199,40
4200,36
4201,38
4202,56
4203,40
4204,42
4205,13
4206,28
4207,58
4208,24
4209,92
4210,27
4211,46
4212,31
4213,85
4214,1
4215,30
4216,57
4217,48
4218,81
4219,54
4220,74
4221,99
4222,66
4223,1
4224,52
4225,82
4226,91
4227,25
4228,26
4229,27
4230,27
4231,53
4232,55
4233,94
4234,60
4235,26
4236,75
4237,94
4238,67
4239,84
4240,60
4241,51
4242,36
4243,58
4244,17
4245,53
4246,63
4247,54
4248,18
4249,72
4250,92
4251,89
4252,41
4253,57
4254,73
4255,48
4256,56
4257,27
4258,90
4259,5
4260,97
4261,86
4262,27
4263,60
4264,65
4265,85
4266,9
4267,72
4268,81
4269,9
4270,39
4271,9
4272,64
4273,19
4274,16
4275,34
4276,87
4277,33
4278,29
4279,21
4280,82
4281,51
4282,76
4283,37
4284,62
4285,94
4286,58
4287,52
4288,29
4289,95
4290,24
4291,25
4292,44
4293,64
4294,9
4295,28
4296,11
4297,32
4298,16
4299,86
4300,81
4301,5
4302,3
4303,34
4304,65
4305,9
4306,37
4307,58
4308,14
4309,85
4310,94
4311,81
4312,21
4313,34
4314,55
4315,15
4316,8
4317,30
4318,78
4319,53
4320,55
4321,84
4322,54
4323,77
4324,28
4325,13
4326,89
4327,26
4328,94
4329,14
4330,50
4331,98
4332,53
4333,16
4334,55
4335,55
4336,55
4337,37
4338,9
4339,52
4340,97
4341,22
4342,64
4343,5
4344,3
4345,80
4346,42
4347,42
4348,82
4349,74
4350,89
4351,98
4352,69
4353,53
4354,26
4355,66
4356,95
4357,73
4358,53
4359,38
4360,37
4361,41
4362,35
4363,51
4364,90
4365,44
4366,10
4367,3
4368,85
4369,79
4370,39
4371,51
4372,19
4373,57
4374,82
4375,76
4376,58
4377,77
4378,62
4379,33
4380,24
4381,44
4382,25
4383,71
4384,94
4385,81
4386,55
4387,100
4388,100
4389,28
4390,3
4391,12
4392,23
4393,71
4394,90
4395,27
4396,12
4397,45
4398,91
4399,52
4400,48
4401,61
4402,10
4403,55
4404,22
4405,23
4406,13
4407,75
4408,88
4409,93
4410,100
4411,14
4412,29
4413,20
4414,7
4415,66
4416,45
4417,58
4418,61
4419,5
4420,47
4421,43
4422,18
4423,29
4424,88
4425,67
4426,2
4427,63
4428,10
4429,92
4430,70
4431,47
4432,40
4433,62
4434,68
4435,45
4436,44
4437,22
4438,42
4439,78
4440,6
4441,49
4442,34
4443,65
4444,74
4445,9
4446,82
4447,89
4448,58
4449,71
4450,67
4451,6
4452,45
4453,16
4454,14
4455,22
4456,98
4457,34
4458,94
4459,93
4460,35
4461,33
4462,95
4463,16
4464,23
4465,25
4466,42
4467,86
4468,50
4469,98
4470,55
4471,85
4472,90
4473,39
4474,100
4475,18
4476,67
4477,58
4478,42
4479,4
4480,7
4481,31
4482,68
4483,99
4484,95
4485,11
4486,41
4487,17
4488,18
4489,81
4490,13
4491,13
4492,13
4493,12
4494,1
4495,56
4496,83
4497,29
4498,46
4499,83
4500,34
4501,45
4502,40
4503,64
4504,58
4505,69
4506,34
4507,22
4508,84
4509,41
4510,94
4511,21
4512,41
4513,31
4514,5
4515,84
4516,92
4517,72
4518,54
4519,28
4520,76
4521,27
4522,65
4523,80
4524,33
4525,38
4526,83
4527,86
4528,80
4529,76
4530,1
4531,91
4532,1
4533,36
4534,19
4535,53
4536,59
4537,33
4538,19
4539,58
4540,9
4541,68
4542,45
4543,61
4544,36
4545,23
4546,24
4547,64
4548,69
4549,94
4550,84
4551,17
4552,39
4553,31
4554,88
4555,64
4556,22
4557,47
4558,49
4559,62
4560,22
4561,15
4562,67
4563,35
4564,26
4565,98
4566,88
4567,88
4568,94
4569,61
4570,27
4571,38
4572,41
4573,61
4574,11
4575,86
4576,66
4577,28
4578,77
4579,63
4580,85
4581,84
4582,49
4583,91
4584,35
4585,81
4586,94
4587,83
4588,51
4589,78
4590,21
4591,69
4592,33
4593,58
4594,40
4595,79
4596,5
4597,37
4598,26
4599,35
4600,18
4601,25
4602,74
4603,52
4604,14
4605,6
4606,65
4607,85
4608,26
4609,24
4610,69
4611,39
4612,49
4613,15
4614,8
4615,10
4616,18
4617,55
4618,5
4619,20
4620,74
4621,60
4622,51
4623,88
4624,31
4625,8
4626,86
4627,47
4628,36
4629,35
4630,53
4631,65
4632,4
4633,13
4634,87
4635,17
4636,97
4637,32
4638,62
4639,26
4640,79
4641,65
4642,89
4643,17
4644,8
4645,35
4646,50
4647,78
4648,36
4649,75
4650,52
4651,32
4652,48
4653,89
4654,76
4655,88
4656,99
4657,48
4658,54
4659,17
4660,69
4661,6
4662,4
4663,87
4664,94
4665,88
4666,3
4667,9
4668,83
4669,18
4670,92
4671,53
4672,4
4673,97
4674,12
4675,87
4676,95
4677,82
4678,97
4679,48
4680,82
4681,96
4682,73
4683,88
4684,70
4685,66
4686,20
4687,46
4688,69
4689,88
4690,72
4691,99
4692,86
4693,98
4694,27
4695,28
4696,88
4697,61
4698,25
4699,44
4700,65
4701,93
4702,98
4703,35
4704,76
4705,78
4706,82
4707,83
4708,71
4709,97
4710,62
4711,80
4712,14
4713,16
4714,86
4715,54
4716,70
4717,96
4718,99
4719,64
4720,5
4721,64
4722,78
4723,42
4724,48
4725,51
4726,24
4727,46
4728,58
4729,99
4730,65
4731,30
4732,70
4733,71
4734,29
4735,38
4736,2
4737,11
4738,4
4739,64
4740,64
4741,76
4742,6
4743,21
4744,52
4745,38
4746,3
4747,41
4748,19
4749,55
4750,33
4751,83
4752,51
4753,55
4754,36
4755,28
4756,50
4757,64
4758,99
4759,54
4760,28
4761,17
4762,27
4763,32
4764,46
4765,29
4766,50
4767,4
4768,19
4769,26
4770,8
4771,35
4772,63
4773,92
4774,72
4775,2
4776,83
4777,90
4778,63
4779,16
4780,94
4781,6
4782,64
4783,78
4784,7
4785,6
4786,30
4787,48
4788,17
4789,38
4790,36
4791,93
4792,7
4793,1
4794,100
4795,36
4796,94
4797,79
4798,57
4799,98
4800,77
4801,24
4802,2
4803,45
4804,28
4805,8
4806,97
4807,13
4808,34
4809,48
4810,15
4811,75
4812,81
4813,35
4814,29
4815,81
4816,88
4817,22
4818,89
4819,34
4820,66
4821,67
4822,35
4823,10
4824,31
4825,4
4826,65
4827,60
4828,96
4829,16
4830,93
4831,67
4832,57
4833,47
4834,45
4835,2
4836,47
4837,91
4838,35
4839,34
4840,58
4841,49
4842,66
4843,21
4844,2
4845,44
4846,31
4847,26
4848,58
4849,5
4850,48
4851,46
4852,29
4853,86
4854,99
4855,49
4856,20
4857,18
4858,27
4859,46
4860,16
4861,99
4862,82
4863,18
4864,98
4865,17
4866,41
4867,85
4868,52
4869,69
4870,37
4871,29
4872,75
4873,38
4874,51
4875,63
4876,86
4877,95
4878,68
4879,15
4880,84
4881,27
4882,15
4883,12
4884,65
4885,48
4886,55
4887,83
4888,38
4889,7
4890,83
4891,95
4892,86
4893,66
4894,53
4895,17
4896,82
4897,42
4898,16
4899,89
4900,72
4901,53
4902,94
4903,72
4904,96
4905,89
4906,54
4907,61
4908,91
4909,18
4910,23
4911,4
4912,15
4913,1
4914,86
4915,87
4916,92
4917,6
4918,74
4919,65
4920,53
4921,46
4922,93
4923,37
4924,40
4925,57
4926,13
4927,98
4928,66
4929,23
4930,38
4931,8
4932,76
4933,17
4934,13
4935,29
4936,100
4937,25
4938,54
4939,47
4940,99
4941,7
4942,8
4943,18
4944,57
4945,64
4946,43
4947,85
4948,4
4949,71
4950,64
4951,21
4952,39
4953,3
4954,88
4955,19
4956,100
4957,81
4958,67
4959,82
4960,96
4961,34
4962,10
4963,93
4964,5
4965,71
4966,93
4967,19
4968,85
4969,39
4970,77
4971,41
4972,8
4973,76
4974,8
4975,19
4976,36
4977,10
4978,16
4979,53
4980,71
4981,44
4982,28
4983,94
4984,2
4985,68
4986,35
4987,71
4988,21
4989,22
4990,43
4991,27
4992,13
4993,12
4994,5
4995,59
4996,89
4997,18
4998,46
4999,79
5000,81
5001,96
5002,73
5003,31
5004,25
5005,5
5006,13
5007,4
5008,6
5009,39
5010,8
5011,88
5012,39
5013,93
5014,44
5015,74
5016,46
5017,18
5018,37
5019,14
5020,54
5021,94
5022,33
5023,56
5024,24
5025,41
5026,39
5027,56
5028,36
5029,74
5030,19
5031,90
5032,75
5033,2
5034,93
5035,80
5036,67
5037,25
5038,75
5039,46
5040,80
5041,53
5042,8
5043,15
5044,41
5045,77
5046,43
5047,20
5048,13
5049,53
5050,61
5051,53
5052,98
5053,1
5054,16
5055,23
5056,4
5057,42
5058,24
5059,4
5060,74
5061,56
5062,94
5063,94
5064,94
5065,77
5066,46
5067,92
5068,28
5069,8
5070,72
5071,59
5072,40
5073,1
5074,25
5075,46
5076,98
5077,6
5078,73
5079,52
5080,6
5081,20
5082,94
5083,90
5084,67
5085,64
5086,33
5087,15
5088,50
5089,97
5090,10
5091,43
5092,2
5093,74
5094,34
5095,18
5096,42
5097,5
5098,46
5099,85
5100,51
5101,7
5102,30
5103,46
5104,79
5105,78
5106,88
5107,74
5108,9
5109,71
5110,29
5111,46
5112,43
5113,92
5114,72
5115,24
5116,59
5117,6
5118,85
5119,90
5120,84
5121,8
5122,10
5123,19
5124,8
5125,71
5126,77
5127,55
5128,3
5129,25
5130,86
5131,12
5132,64
5133,91
5134,64
5135,27
5136,77
5137,37
5138,21
5139,100
5140,99
5141,30
5142,92
5143,93
5144,93
5145,29
5146,76
5147,4
5148,27
5149,88
5150,36
5151,40
5152,5
5153,85
5154,1
5155,81
5156,17
5157,80
5158,38
5159,33
5160,5
5161,59
5162,55
5163,98
5164,58
5165,68
5166,84
5167,48
5168,46
5169,6
5170,95
5171,10
5172,75
5173,9
5174,73
5175,88
5176,21
5177,90
5178,24
5179,93
5180,34
5181,15
5182,100
5183,95
5184,50
5185,51
5186,52
5187,87
5188,83
5189,95
5190,32
5191,59
5192,44
5193,43
5194,33
5195,23
5196,84
5197,60
5198,57
5199,5
5200,22
5201,87
5202,73
5203,66
5204,20
5205,16
5206,50
5207,4
5208,68
5209,14
5210,75
5211,61
5212,81
5213,59
5214,9
5215,4
5216,34
5217,65
5218,25
5219,96
5220,53
5221,100
5222,86
5223,88
5224,43
5225,46
5226,80
5227,6
5228,25
5229,63
5230,52
5231,82
5232,96
5233,49
5234,42
5235,100
5236,4
5237,27
5238,4
5239,69
5240,43
5241,83
5242,31
5243,31
5244,35
5245,20
5246,83
5247,16
5248,37
5249,25
5250,77
5251,61
5252,65
5253,53
5254,96
5255,33
5256,9
5257,61
5258,90
5259,3
5260,35
5261,93
5262,60
5263,26
5264,53
5265,12
5266,34
5267,20
5268,60
5269,95
5270,72
5271,35
5272,10
5273,55
5274,12
5275,2
5276,5
5277,28
5278,87
5279,4
5280,8
5281,45
5282,35
5283,45
5284,13
5285,4
5286,2
5287,94
5288,93
5289,38
5290,94
5291,34
5292,84
5293,37
5294,83
5295,99
5296,65
5297,14
5298,18
5299,98
5300,92
5301,60
5302,69
5303,90
5304,57
5305,86
5306,70
5307,87
5308,40
5309,25
5310,90
5311,4
5312,26
5313,49
5314,84
5315,16
5316,63
5317,39
5318,93
5319,81
5320,26
5321,58
5322,98
5323,21
5324,54
5325,21
5326,49
5327,2
5328,81
5329,69
5330,3
5331,89
5332,68
5333,7
5334,34
5335,31
5336,61
5337,63
5338,22
5339,95
5340,47
5341,92
5342,27
5343,41
5344,76
5345,81
5346,86
5347,28
5348,67
5349,90
5350,67
5351,87
5352,28
5353,19
5354,43
5355,73
5356,72
5357,95
5358,52
5359,58
5360,98
5361,10
5362,11
5363,94
5364,70
5365,97
5366,6
5367,24
5368,80
5369,79
5370,56
5371,77
5372,10
5373,81
5374,73
5375,61
5376,36
5377,51
5378,7
5379,16
5380,4
5381,72
5382,66
5383,81
5384,41
5385,2
5386,35
5387,87
5388,27
5389,5
5390,86
5391,38
5392,91
5393,78
5394,94
5395,37
5396,49
5397,68
5398,7
5399,68
5400,66
5401,79
5402,13
5403,85
5404,89
5405,17
5406,56
5407,32
5408,100
5409,42
5410,18
5411,70
5412,50
5413,16
5414,61
5415,60
5416,86
5417,92
5418,46
5419,7
5420,1
5421,28
5422,99
5423,37
5424,95
5425,52
5426,56
5427,26
5428,25
5429,39
5430,46
5431,60
5432,61
5433,40
5434,3
5435,2
5436,59
5437,84
5438,31
5439,91
5440,73
5441,25
5442,79
5443,59
5444,93
5445,50
5446,96
5447,50
5448,73
5449,96
5450,16
5451,26
5452,35
5453,40
5454,92
5455,4
5456,46
5457,40
5458,99
5459,73
5460,98
5461,94
5462,51
5463,95
5464,69
5465,81
5466,38
5467,91
5468,52
5469,67
5470,10
5471,6
5472,59
5473,84
5474,91
5475,89
5476,16
5477,30
5478,90
5479,100
5480,88
5481,8
5482,27
5483,62
5484,57
5485,49
5486,4
5487,32
5488,45
5489,29
5490,28
5491,50
5492,32
5493,33
5494,49
5495,9
5496,57
5497,34
5498,29
5499,19
5500,3
5501,28
5502,91
5503,59
5504,75
5505,58
5506,36
5507,6
5508,72
5509,47
5510,63
5511,79
5512,59
5513,2
5514,95
5515,47
5516,13
5517,75
5518,35
5519,85
5520,51
5521,51
5522,65
5523,64
5524,62
5525,78
5526,20
5527,30
5528,16
5529,15
5530,38
5531,89
5532,2
5533,99
5534,71
5535,29
5536,55
5537,86
5538,59
5539,69
5540,6
5541,41
5542,40
5543,32
5544,79
5545,9
5546,19
5547,78
5548,92
5549,11
5550,84
5551,31
5552,31
5553,55
5554,17
5555,39
5556,30
5557,16
5558,43
5559,76
5560,23
5561,2
5562,29
5563,93
5564,40
5565,98
5566,88
5567,52
5568,50
5569,59
5570,59
5571,43
5572,98
5573,38
5574,13
5575,11
5576,2
5577,24
5578,95
5579,44
5580,45
5581,61
5582,88
5583,76
5584,47
5585,1
5586,18
5587,36
5588,11
5589,37
5590,33
5591,15
5592,99
5593,61
5594,84
5595,93
5596,7
5597,53
5598,37
5599,48
5600,97
5601,16
5602,78
5603,68
5604,13
5605,11
5606,1
5607,5
5608,14
5609,77
5610,48
5611,53
5612,26
5613,31
5614,8
5615,19
5616,89
5617,100
5618,9
5619,34
5620,90
5621,63
5622,58
5623,70
5624,18
5625,58
5626,42
5627,47
5628,39
5629,30
5630,83
5631,12
5632,36
5633,47
5634,93
5635,13
5636,68
5637,96
5638,14
5639,43
5640,46
5641,43
5642,26
5643,23
5644,60
5645,18
5646,6
5647,5
5648,84
5649,78
